account;Last_locked;First_checked;Last_checked
emea\PPOIRIER;;22/02/2022 12:40;02/03/2022 08:17
fr\charles.demurger;;22/02/2022 12:40;02/03/2022 08:17
fr\virginie.boulle;;22/02/2022 12:40;02/03/2022 08:17
fr\alexandre.orgeret;;22/02/2022 12:40;02/03/2022 08:17
fr\marc.monnier;;22/02/2022 12:40;02/03/2022 08:17
fr\Pauline.PERRIER;;22/02/2022 12:40;02/03/2022 08:17
fr\stephanie.achard;;22/02/2022 12:40;02/03/2022 08:17
emea\mathilde.deroux;;22/02/2022 12:40;02/03/2022 08:17
fr\nathalie.lapeyre;;22/02/2022 12:40;02/03/2022 08:17
fr\alexandra.loustalet;;22/02/2022 12:40;02/03/2022 08:17
fr\mohammed.mabrouk;;22/02/2022 12:40;02/03/2022 08:17
fr\laurence.diroux;;22/02/2022 12:40;02/03/2022 08:17
fr\marjorie.lerdou-udoy;;22/02/2022 12:40;02/03/2022 08:17
fr\stephane.roussel;;22/02/2022 12:40;02/03/2022 08:17
fr\j-b.perrier;;22/02/2022 12:40;02/03/2022 08:17
fr\mathilde.mulle;;22/02/2022 12:40;02/03/2022 08:17
emea\CVaschalde;;22/02/2022 12:40;02/03/2022 08:17
fr\Sophie.CLAEYSSEN;;22/02/2022 12:40;02/03/2022 08:17
fr\samia.zerouali;;22/02/2022 12:40;02/03/2022 08:17
fr\lilly.altazin;;22/02/2022 12:40;02/03/2022 08:17
emea\abdellah.elbekry;;22/02/2022 12:40;02/03/2022 08:17
fr\haouari.fedjidj;;22/02/2022 12:40;02/03/2022 08:17
fr\guilhen.dubourdieu;;22/02/2022 12:40;02/03/2022 08:17
fr\nathalie.pierrel;;22/02/2022 12:40;02/03/2022 08:17
fr\karine.dufosse;;22/02/2022 12:40;02/03/2022 08:17
emea\fabien.pons-leblanc;01/03/2022 15:11;22/02/2022 12:40;02/03/2022 00:00
emea\pvassaux;24/02/2022 21:27;24/02/2022 15:19;02/03/2022 00:00
fr\AdminDGDR;01/03/2022 23:31;22/02/2022 12:40;02/03/2022 00:00
fr\alexandre.viros;28/02/2022 11:49;22/02/2022 12:40;02/03/2022 00:00
fr\audrey.saki;01/03/2022 17:45;22/02/2022 12:40;02/03/2022 00:00
fr\aurelie.guilaume;01/03/2022 16:24;22/02/2022 12:40;02/03/2022 00:00
fr\bevon.reid;01/03/2022 14:19;22/02/2022 12:40;02/03/2022 00:00
fr\camille.diaz;28/02/2022 19:14;22/02/2022 12:40;02/03/2022 00:00
fr\christine.blondel;28/02/2022 16:17;22/02/2022 12:40;02/03/2022 00:00
fr\christophe.reveille;01/03/2022 18:13;22/02/2022 12:40;02/03/2022 00:00
fr\laurence.delebecque;26/02/2022 22:04;22/02/2022 12:40;02/03/2022 00:00
fr\magali.zuchuat;01/03/2022 12:10;22/02/2022 12:40;02/03/2022 00:00
fr\Marie.SEINE;01/03/2022 17:51;22/02/2022 12:40;02/03/2022 00:00
fr\natacha.brault;25/02/2022 19:12;22/02/2022 12:40;02/03/2022 00:00
fr\nathalie.rose;01/03/2022 10:54;22/02/2022 12:40;02/03/2022 00:00
fr\nicolas.testard;01/03/2022 15:24;22/02/2022 12:40;02/03/2022 00:00
fr\pierre.aulagnon;22/02/2022 18:52;22/02/2022 15:12;02/03/2022 00:00
fr\s.drzyczimieniecki;27/02/2022 02:08;22/02/2022 12:40;02/03/2022 00:00
fr\v.cannafarina;24/02/2022 14:54;22/02/2022 12:40;02/03/2022 00:00
fr\walter.ferino;01/03/2022 20:00;22/02/2022 12:40;02/03/2022 00:00
